<?xml version="1.0" encoding="UTF-8"?>
<!DOCTYPE plist PUBLIC "-//Apple//DTD PLIST 1.0//EN" "http://www.apple.com/DTDs/PropertyList-1.0.dtd">
<plist version="1.0">
<dict>
	<key>API_KEY</key>
	<string>AIzaSyBhgRl9zHw_UI_q3VH1rE27vf1qKEO3fRM</string>
	<key>GCM_SENDER_ID</key>
	<string>410533018403</string>
	<key>PLIST_VERSION</key>
	<string>1</string>
	<key>BUNDLE_ID</key>
	<string>com.jayk.deliveryapp</string>
	<key>PROJECT_ID</key>
	<string>jayk-delivery-app</string>
	<key>STORAGE_BUCKET</key>
	<string>jayk-delivery-app.firebasestorage.app</string>
	<key>IS_ADS_ENABLED</key>
	<false></false>
	<key>IS_ANALYTICS_ENABLED</key>
	<false></false>
	<key>IS_APPINVITE_ENABLED</key>
	<true></true>
	<key>IS_GCM_ENABLED</key>
	<true></true>
	<key>IS_SIGNIN_ENABLED</key>
	<true></true>
	<key>GOOGLE_APP_ID</key>
	<string>1:410533018403:ios:1ff155a3d910002d02ea96</string>
</dict>
</plist>