{
  "project_info": {
    "project_number": "410533018403",
    "project_id": "jayk-delivery-app",
    "storage_bucket": "jayk-delivery-app.firebasestorage.app"
  },
  "client": [
    {
      "client_info": {
        "mobilesdk_app_id": "1:410533018403:android:3017b31566718e8402ea96",
        "android_client_info": {
          "package_name": "com.jayk.deliveryapp"
        }
      },
      "oauth_client": [],
      "api_key": [
        {
          "current_key": "AIzaSyCtJo9pYeoPKBU5U8CWj62i0_jAD1ewkBM"
        }
      ],
      "services": {
        "appinvite_service": {
          "other_platform_oauth_client": []
        }
      }
    }
  ],
  "configuration_version": "1"
}